User,Password,Description,IsManaged,SshKeyId,CaseSensitiveCheck,UseWheel
a1,password1,Test,FALSE,,,FALSE
b2,password1,,,,,
c3,password1,,,,,
d4,password1,,,,,
e5,password1,,,,,
f6,password1,,,,,
g7,password1,,,,,
h8,password1,,,,,
i9,password1,,,,,
j10,password1,,,,,
1,password1,,,,,
2,password1,,,,,
3,password1,,,,,
4,password1,,,,,
5,password1,,,,,
6,password1,,,,,
7,password1,,,,,
8,password1,,,,,
9,password1,,,,,
10,password1,,,,,
11,password1,,,,,
12,password1,,,,,
13,password1,,,,,
14,password1,,,,,
15,password1,,,,,
16,password1,,,,,
17,password1,,,,,
18,password1,,,,,
19,password1,,,,,
20,password1,,,,,
21,password1,,,,,
22,password1,,,,,
23,password1,,,,,
24,password1,,,,,
25,password1,,,,,
26,password1,,,,,
27,password1,,,,,
28,password1,,,,,
29,password1,,,,,
30,password1,,,,,
31,password1,,,,,
32,password1,,,,,
33,password1,,,,,
34,password1,,,,,
35,password1,,,,,
36,password1,,,,,
37,password1,,,,,
38,password1,,,,,
39,password1,,,,,
40,password1,,,,,
41,password1,,,,,
42,password1,,,,,
43,password1,,,,,
44,password1,,,,,
45,password1,,,,,
46,password1,,,,,
47,password1,,,,,
48,password1,,,,,
49,password1,,,,,
50,password1,,,,,
51,password1,,,,,
52,password1,,,,,
53,password1,,,,,
54,password1,,,,,
55,password1,,,,,
56,password1,,,,,
57,password1,,,,,
58,password1,,,,,
59,password1,,,,,
60,password1,,,,,
61,password1,,,,,
62,password1,,,,,
63,password1,,,,,
64,password1,,,,,
65,password1,,,,,
66,password1,,,,,
67,password1,,,,,
68,password1,,,,,
69,password1,,,,,
70,password1,,,,,
71,password1,,,,,
72,password1,,,,,
73,password1,,,,,
74,password1,,,,,
75,password1,,,,,
76,password1,,,,,
77,password1,,,,,
78,password1,,,,,
79,password1,,,,,
80,password1,,,,,
81,password1,,,,,
82,password1,,,,,
83,password1,,,,,
84,password1,,,,,
85,password1,,,,,
86,password1,,,,,
87,password1,,,,,
88,password1,,,,,
89,password1,,,,,
90,password1,,,,,
91,password1,,,,,
92,password1,,,,,
93,password1,,,,,
94,password1,,,,,
95,password1,,,,,
96,password1,,,,,
97,password1,,,,,
98,password1,,,,,
99,password1,,,,,
100,password1,,,,,
101,password1,,,,,
102,password1,,,,,
103,password1,,,,,
104,password1,,,,,
105,password1,,,,,
106,password1,,,,,
107,password1,,,,,
108,password1,,,,,
109,password1,,,,,
110,password1,,,,,
111,password1,,,,,
112,password1,,,,,
113,password1,,,,,
114,password1,,,,,
115,password1,,,,,
116,password1,,,,,
117,password1,,,,,
118,password1,,,,,
119,password1,,,,,
120,password1,,,,,
121,password1,,,,,
123,password1,,,,,
